1,1,水泥,1101,台泥
1,1,水泥,1102,亞泥
1,1,水泥,1103,嘉泥
1,1,水泥,1104,環泥
1,1,水泥,1108,幸福
1,1,水泥,1109,信大
1,1,水泥,1110,東泥
1,2,食品,1201,味全
1,2,食品,1203,味王
1,2,食品,1210,大成
1,2,食品,1213,大飲
1,2,食品,1215,卜蜂
1,2,食品,1216,統一
1,2,食品,1217,愛之味
1,2,食品,1218,泰山
1,2,食品,1219,福壽
1,2,食品,1220,台榮
1,2,食品,1225,福懋油
1,2,食品,1227,佳格
1,2,食品,1229,聯華
1,2,食品,1231,聯華食
1,2,食品,1232,大統益
1,2,食品,1233,天仁
1,2,食品,1234,黑松
1,2,食品,1235,興泰
1,2,食品,1236,宏亞
1,2,食品,1256,鮮活果汁-KY
1,2,食品,1702,南僑
1,2,食品,1737,臺鹽
1,3,塑膠,1301,台塑
1,3,塑膠,1303,南亞
1,3,塑膠,1304,台聚
1,3,塑膠,1305,華夏
1,3,塑膠,1307,三芳
1,3,塑膠,1308,亞聚
1,3,塑膠,1309,台達化
1,3,塑膠,1310,台苯
1,3,塑膠,1312,國喬
1,3,塑膠,1312A,國喬特
1,3,塑膠,1313,聯成
1,3,塑膠,1314,中石化
1,3,塑膠,1315,達新
1,3,塑膠,1319,東陽
1,3,塑膠,1321,大洋
1,3,塑膠,1323,永裕
1,3,塑膠,1324,地球
1,3,塑膠,1325,恆大
1,3,塑膠,1326,台化
1,3,塑膠,1337,再生-KY
1,3,塑膠,1339,昭輝
1,3,塑膠,1340,勝悅-KY
1,3,塑膠,4306,炎洲
1,4,紡織,1402,遠東新
1,4,紡織,1409,新纖
1,4,紡織,1410,南染
1,4,紡織,1413,宏洲
1,4,紡織,1414,東和
1,4,紡織,1416,廣豐
1,4,紡織,1417,嘉裕
1,4,紡織,1418,東華
1,4,紡織,1419,新紡
1,4,紡織,1423,利華
1,4,紡織,1434,福懋
1,4,紡織,1439,中和
1,4,紡織,1440,南紡
1,4,紡織,1441,大東
1,4,紡織,1443,立益
1,4,紡織,1444,力麗
1,4,紡織,1445,大宇
1,4,紡織,1446,宏和
1,4,紡織,1447,力鵬
1,4,紡織,1449,佳和
1,4,紡織,1451,年興
1,4,紡織,1452,宏益
1,4,紡織,1453,大將
1,4,紡織,1454,台富
1,4,紡織,1455,集盛
1,4,紡織,1456,怡華
1,4,紡織,1457,宜進
1,4,紡織,1459,聯發
1,4,紡織,1460,宏遠
1,4,紡織,1463,強盛
1,4,紡織,1464,得力
1,4,紡織,1465,偉全
1,4,紡織,1466,聚隆
1,4,紡織,1467,南緯
1,4,紡織,1468,昶和
1,4,紡織,1469,理隆
1,4,紡織,1470,大統染
1,4,紡織,1472,三洋紡
1,4,紡織,1473,台南
1,4,紡織,1474,弘裕
1,4,紡織,1475,本盟
1,4,紡織,1476,儒鴻
1,4,紡織,1477,聚陽
1,4,紡織,4414,如興
1,4,紡織,4426,利勤
1,4,紡織,4438,廣越
1,5,電機,1503,士電
1,5,電機,1504,東元
1,5,電機,1506,正道
1,5,電機,1507,永大
1,5,電機,1512,瑞利
1,5,電機,1513,中興電
1,5,電機,1514,亞力
1,5,電機,1515,力山
1,5,電機,1517,利奇
1,5,電機,1519,華城
1,5,電機,1521,大億
1,5,電機,1522,堤維西
1,5,電機,1524,耿鼎
1,5,電機,1525,江申
1,5,電機,1526,日馳
1,5,電機,1527,鑽全
1,5,電機,1528,恩德
1,5,電機,1529,樂士
1,5,電機,1530,亞崴
1,5,電機,1531,高林股
1,5,電機,1532,勤美
1,5,電機,1533,車王電
1,5,電機,1535,中宇
1,5,電機,1536,和大
1,5,電機,1537,廣隆
1,5,電機,1538,正峰新
1,5,電機,1539,巨庭
1,5,電機,1540,喬福
1,5,電機,1541,錩泰
1,5,電機,1558,伸興
1,5,電機,1560,中砂
1,5,電機,1568,倉佑
1,5,電機,1583,程泰
1,5,電機,1589,永冠-KY
1,5,電機,1590,亞德客-KY
1,5,電機,1592,英瑞-KY
1,5,電機,2049,上銀
1,5,電機,2228,劍麟
1,5,電機,2231,為升
1,5,電機,2236,百達-KY
1,5,電機,2371,大同
1,5,電機,3167,大量
1,5,電機,4526,東台
1,5,電機,4532,瑞智
1,5,電機,4551,智伸科
1,5,電機,4552,力達-KY
1,5,電機,4555,氣立
1,5,電機,4557,永新-KY
1,5,電機,4560,強信-KY
1,5,電機,4562,穎漢
1,5,電機,5288,豐祥-KY
1,5,電機,6605,帝寶
1,5,電機,8222,寶一
1,5,電機,8374,羅昇
1,5,電機,8996,高力
1,6,電器電纜,1603,華電
1,6,電器電纜,1604,聲寶
1,6,電器電纜,1605,華新
1,6,電器電纜,1608,華榮
1,6,電器電纜,1609,大亞
1,6,電器電纜,1611,中電
1,6,電器電纜,1612,宏泰
1,6,電器電纜,1614,三洋電
1,6,電器電纜,1615,大山
1,6,電器電纜,1616,億泰
1,6,電器電纜,1617,榮星
1,6,電器電纜,1618,合機
1,6,電器電纜,1626,艾美特-KY
1,6,電器電纜,4930,燦星網
1,7,化學,1316,上曜
1,7,化學,1704,榮化
1,7,化學,1708,東鹼
1,7,化學,1709,和益
1,7,化學,1710,東聯
1,7,化學,1711,永光
1,7,化學,1712,興農
1,7,化學,1713,國化
1,7,化學,1714,和桐
1,7,化學,1717,長興
1,7,化學,1718,中纖
1,7,化學,1721,三晃
1,7,化學,1722,台肥
1,7,化學,1723,中碳
1,7,化學,1724,台硝
1,7,化學,1725,元禎
1,7,化學,1726,永記
1,7,化學,1727,中華化
1,7,化學,1730,花仙子
1,7,化學,1732,毛寶
1,7,化學,1735,日勝化
1,7,化學,1773,勝一
1,7,化學,1776,展宇
1,7,化學,3708,上緯投控
1,7,化學,4720,德淵
1,7,化學,4722,國精化
1,7,化學,4725,信昌化
1,7,化學,4739,康普
1,7,化學,4755,三福化
1,7,化學,4763,材料-KY
1,7,化學,4764,雙鍵
1,8,生技醫療,1598,岱宇
1,8,生技醫療,1701,中化
1,8,生技醫療,1707,葡萄王
1,8,生技醫療,1720,生達
1,8,生技醫療,1731,美吾華
1,8,生技醫療,1733,五鼎
1,8,生技醫療,1734,杏輝
1,8,生技醫療,1736,喬山
1,8,生技醫療,1762,中化生
1,8,生技醫療,1783,和康生
1,8,生技醫療,1786,科妍
1,8,生技醫療,1789,神隆
1,8,生技醫療,3164,景岳
1,8,生技醫療,3705,永信
1,8,生技醫療,4104,佳醫
1,8,生技醫療,4106,雃博
1,8,生技醫療,4108,懷特
1,8,生技醫療,4119,旭富
1,8,生技醫療,4133,亞諾法
1,8,生技醫療,4137,麗豐-KY
1,8,生技醫療,4141,龍燈-KY
1,8,生技醫療,4142,國光
1,8,生技醫療,4144,康聯-KY
1,8,生技醫療,4148,全宇生技-KY
1,8,生技醫療,4155,訊映
1,8,生技醫療,4164,承業醫
1,8,生技醫療,4190,佐登-KY
1,8,生技醫療,4737,華廣
1,8,生技醫療,4746,台耀
1,8,生技醫療,6452,康友-KY
1,8,生技醫療,6541,泰福-KY
1,9,玻璃,1802,台玻
1,9,玻璃,1806,冠軍
1,9,玻璃,1809,中釉
1,9,玻璃,1810,和成
1,9,玻璃,1817,凱撒衛
1,10,造紙,1902,台紙
1,10,造紙,1903,士紙
1,10,造紙,1904,正隆
1,10,造紙,1905,華紙
1,10,造紙,1906,寶隆
1,10,造紙,1907,永豐餘
1,10,造紙,1909,榮成
1,11,鋼鐵,2002,中鋼
1,11,鋼鐵,2002A,中鋼特
1,11,鋼鐵,2006,東和鋼鐵
1,11,鋼鐵,2007,燁興
1,11,鋼鐵,2008,高興昌
1,11,鋼鐵,2009,第一銅
1,11,鋼鐵,2010,春源
1,11,鋼鐵,2012,春雨
1,11,鋼鐵,2013,中鋼構
1,11,鋼鐵,2014,中鴻
1,11,鋼鐵,2015,豐興
1,11,鋼鐵,2017,官田鋼
1,11,鋼鐵,2020,美亞
1,11,鋼鐵,2022,聚亨
1,11,鋼鐵,2023,燁輝
1,11,鋼鐵,2024,志聯
1,11,鋼鐵,2025,千興
1,11,鋼鐵,2027,大成鋼
1,11,鋼鐵,2028,威致
1,11,鋼鐵,2029,盛餘
1,11,鋼鐵,2030,彰源
1,11,鋼鐵,2031,新光鋼
1,11,鋼鐵,2032,新鋼
1,11,鋼鐵,2033,佳大
1,11,鋼鐵,2034,允強
1,11,鋼鐵,2038,海光
1,11,鋼鐵,2069,運錩
1,11,鋼鐵,3004,豐達科
1,11,鋼鐵,5007,三星
1,11,鋼鐵,5538,東明-KY
1,11,鋼鐵,9958,世紀鋼
1,12,橡膠,2101,南港
1,12,橡膠,2102,泰豐
1,12,橡膠,2103,台橡
1,12,橡膠,2104,中橡
1,12,橡膠,2105,正新
1,12,橡膠,2106,建大
1,12,橡膠,2107,厚生
1,12,橡膠,2108,南帝
1,12,橡膠,2109,華豐
1,12,橡膠,2114,鑫永銓
1,12,橡膠,2115,六暉-KY
1,12,橡膠,6582,申豐
1,13,汽車,1338,廣華-KY
1,13,汽車,2201,裕隆
1,13,汽車,2204,中華
1,13,汽車,2206,三陽工業
1,13,汽車,2207,和泰車
1,13,汽車,2227,裕日車
1,13,汽車,2239,英利-KY
1,13,汽車,2243,宏旭-KY
1,13,汽車,3346,麗清
1,14,半導體,1437,勤益控
1,14,半導體,2302,麗正
1,14,半導體,2303,聯電
1,14,半導體,2311,日月光
1,14,半導體,2325,矽品
1,14,半導體,2329,華泰
1,14,半導體,2330,台積電
1,14,半導體,2337,旺宏
1,14,半導體,2338,光罩
1,14,半導體,2342,茂矽
1,14,半導體,2344,華邦電
1,14,半導體,2351,順德
1,14,半導體,2363,矽統
1,14,半導體,2369,菱生
1,14,半導體,2379,瑞昱
1,14,半導體,2388,威盛
1,14,半導體,2401,凌陽
1,14,半導體,2408,南亞科
1,14,半導體,2434,統懋
1,14,半導體,2436,偉詮電
1,14,半導體,2441,超豐
1,14,半導體,2449,京元電子
1,14,半導體,2451,創見
1,14,半導體,2454,聯發科
1,14,半導體,2458,義隆
1,14,半導體,2481,強茂
1,14,半導體,3006,晶豪科
1,14,半導體,3014,聯陽
1,14,半導體,3016,嘉晶
1,14,半導體,3034,聯詠
1,14,半導體,3035,智原
1,14,半導體,3041,揚智
1,14,半導體,3054,立萬利
1,14,半導體,3094,聯傑
1,14,半導體,3189,景碩
1,14,半導體,3257,虹冠電
1,14,半導體,3413,京鼎
1,14,半導體,3443,創意
1,14,半導體,3519,綠能
1,14,半導體,3532,台勝科
1,14,半導體,3536,誠創
1,14,半導體,3545,敦泰
1,14,半導體,3579,尚志
1,14,半導體,3583,辛耘
1,14,半導體,3588,通嘉
1,14,半導體,3661,世芯-KY
1,14,半導體,3686,達能
1,14,半導體,4919,新唐
1,14,半導體,4952,凌通
1,14,半導體,4968,立積
1,14,半導體,5269,祥碩
1,14,半導體,5285,界霖
1,14,半導體,5305,敦南
1,14,半導體,5471,松翰
1,14,半導體,6202,盛群
1,14,半導體,6239,力成
1,14,半導體,6243,迅杰
1,14,半導體,6257,矽格
1,14,半導體,6271,同欣電
1,14,半導體,6415,矽力-KY
1,14,半導體,6451,訊芯-KY
1,14,半導體,6525,捷敏-KY
1,14,半導體,6531,愛普
1,14,半導體,6533,晶心科
1,14,半導體,6552,易華電
1,14,半導體,6573,虹揚-KY
1,14,半導體,8016,矽創
1,14,半導體,8081,致新
1,14,半導體,8110,華東
1,14,半導體,8131,福懋科
1,14,半導體,8150,南茂
1,14,半導體,8261,富鼎
1,14,半導體,8271,宇瞻
1,15,電腦週邊,2301,光寶科
1,15,電腦週邊,2305,全友
1,15,電腦週邊,2324,仁寶
1,15,電腦週邊,2331,精英
1,15,電腦週邊,2352,佳世達
1,15,電腦週邊,2353,宏碁
1,15,電腦週邊,2356,英業達
1,15,電腦週邊,2357,華碩
1,15,電腦週邊,2362,藍天
1,15,電腦週邊,2364,倫飛
1,15,電腦週邊,2365,昆盈
1,15,電腦週邊,2376,技嘉
1,15,電腦週邊,2377,微星
1,15,電腦週邊,2380,虹光
1,15,電腦週邊,2382,廣達
1,15,電腦週邊,2387,精元
1,15,電腦週邊,2395,研華
1,15,電腦週邊,2397,友通
1,15,電腦週邊,2399,映泰
1,15,電腦週邊,2405,浩鑫
1,15,電腦週邊,2417,圓剛
1,15,電腦週邊,2424,隴華
1,15,電腦週邊,2425,承啟
1,15,電腦週邊,2442,新美齊
1,15,電腦週邊,2465,麗臺
1,15,電腦週邊,3002,歐格
1,15,電腦週邊,3005,神基
1,15,電腦週邊,3013,晟銘電
1,15,電腦週邊,3017,奇鋐
1,15,電腦週邊,3022,威強電
1,15,電腦週邊,3046,建碁
1,15,電腦週邊,3057,喬鼎
1,15,電腦週邊,3060,銘異
1,15,電腦週邊,3231,緯創
1,15,電腦週邊,3416,融程電
1,15,電腦週邊,3494,誠研
1,15,電腦週邊,3515,華擎
1,15,電腦週邊,3701,大眾控
1,15,電腦週邊,3706,神達
1,15,電腦週邊,4916,事欣科
1,15,電腦週邊,4938,和碩
1,15,電腦週邊,5215,科嘉-KY
1,15,電腦週邊,5258,虹堡
1,15,電腦週邊,5264,鎧勝-KY
1,15,電腦週邊,6117,迎廣
1,15,電腦週邊,6128,上福
1,15,電腦週邊,6166,凌華
1,15,電腦週邊,6172,互億
1,15,電腦週邊,6206,飛捷
1,15,電腦週邊,6230,超眾
1,15,電腦週邊,6235,華孚
1,15,電腦週邊,6277,宏正
1,15,電腦週邊,6414,樺漢
1,15,電腦週邊,6579,研揚
1,15,電腦週邊,6591,動力-KY
1,15,電腦週邊,8114,振樺電
1,15,電腦週邊,8163,達方
1,15,電腦週邊,8210,勤誠
1,15,電腦週邊,9912,偉聯
1,16,光電,2323,中環
1,16,光電,2340,光磊
1,16,光電,2349,錸德
1,16,光電,2374,佳能
1,16,光電,2393,億光
1,16,光電,2406,國碩
1,16,光電,2409,友達
1,16,光電,2426,鼎元
1,16,光電,2438,翔耀
1,16,光電,2448,晶電
1,16,光電,2466,冠西電
1,16,光電,2475,華映
1,16,光電,2486,一詮
1,16,光電,2489,瑞軒
1,16,光電,2491,吉祥全
1,16,光電,2499,東貝
1,16,光電,3008,大立光
1,16,光電,3019,亞光
1,16,光電,3024,憶聲
1,16,光電,3031,佰鴻
1,16,光電,3038,全台
1,16,光電,3049,和鑫
1,16,光電,3050,鈺德
1,16,光電,3051,力特
1,16,光電,3059,華晶科
1,16,光電,3149,正達
1,16,光電,3356,奇偶
1,16,光電,3383,新世紀
1,16,光電,3406,玉晶光
1,16,光電,3437,榮創
1,16,光電,3454,晶睿
1,16,光電,3481,群創
1,16,光電,3504,揚明光
1,16,光電,3514,昱晶
1,16,光電,3535,晶彩科
1,16,光電,3557,嘉威
1,16,光電,3561,昇陽光電
1,16,光電,3576,新日光
1,16,光電,3591,艾笛森
1,16,光電,3622,洋華
1,16,光電,3669,圓展
1,16,光電,3673,TPK-KY
1,16,光電,3698,隆達
1,16,光電,4934,太極
1,16,光電,4935,茂林-KY
1,16,光電,4942,嘉彰
1,16,光電,4956,光鋐
1,16,光電,4960,奇美材
1,16,光電,4976,佳凌
1,16,光電,5234,達興材料
1,16,光電,5243,乙盛-KY
1,16,光電,5259,清惠
1,16,光電,5484,慧友
1,16,光電,6116,彩晶
1,16,光電,6120,達運
1,16,光電,6131,悠克
1,16,光電,6164,華興
1,16,光電,6168,宏齊
1,16,光電,6176,瑞儀
1,16,光電,6209,今國光
1,16,光電,6225,天瀚
1,16,光電,6226,光鼎
1,16,光電,6278,台表科
1,16,光電,6289,華上
1,16,光電,6405,悅城
1,16,光電,6431,光麗-KY
1,16,光電,6443,元晶
1,16,光電,6456,GIS-KY
1,16,光電,6477,安集
1,16,光電,8072,陞泰
1,16,光電,8105,凌巨
1,16,光電,8215,明基材
1,17,通信網路,2314,台揚
1,17,通信網路,2321,東訊
1,17,通信網路,2332,友訊
1,17,通信網路,2345,智邦
1,17,通信網路,2412,中華電
1,17,通信網路,2419,仲琦
1,17,通信網路,2439,美律
1,17,通信網路,2444,友旺
1,17,通信網路,2450,神腦
1,17,通信網路,2455,全新
1,17,通信網路,2485,兆赫
1,17,通信網路,2496,卓越
1,17,通信網路,2498,宏達電
1,17,通信網路,3025,星通
1,17,通信網路,3027,盛達
1,17,通信網路,3045,台灣大
1,17,通信網路,3047,訊舟
1,17,通信網路,3062,建漢
1,17,通信網路,3311,閎暉
1,17,通信網路,3380,明泰
1,17,通信網路,3419,譁裕
1,17,通信網路,3596,智易
1,17,通信網路,3682,亞太電
1,17,通信網路,3694,海華
1,17,通信網路,3704,合勤控
1,17,通信網路,4904,遠傳
1,17,通信網路,4906,正文
1,17,通信網路,4977,眾達-KY
1,17,通信網路,4984,科納-KY
1,17,通信網路,5388,中磊
1,17,通信網路,6136,富爾特
1,17,通信網路,6142,友勁
1,17,通信網路,6152,百一
1,17,通信網路,6216,居易
1,17,通信網路,6283,淳安
1,17,通信網路,6285,啟碁
1,17,通信網路,6442,光聖
1,17,通信網路,8011,台通
1,17,通信網路,8101,華冠
1,18,電子零組件,1471,首利
1,18,電子零組件,1582,信錦
1,18,電子零組件,2059,川湖
1,18,電子零組件,2308,台達電
1,18,電子零組件,2313,華通
1,18,電子零組件,2316,楠梓電
1,18,電子零組件,2327,國巨
1,18,電子零組件,2328,廣宇
1,18,電子零組件,2355,敬鵬
1,18,電子零組件,2367,燿華
1,18,電子零組件,2368,金像電
1,18,電子零組件,2375,智寶
1,18,電子零組件,2383,台光電
1,18,電子零組件,2385,群光
1,18,電子零組件,2392,正崴
1,18,電子零組件,2402,毅嘉
1,18,電子零組件,2413,環科
1,18,電子零組件,2415,錩新
1,18,電子零組件,2420,新巨
1,18,電子零組件,2421,建準
1,18,電子零組件,2428,興勤
1,18,電子零組件,2429,銘旺科
1,18,電子零組件,2431,聯昌
1,18,電子零組件,2440,太空梭
1,18,電子零組件,2443,新利虹
1,18,電子零組件,2456,奇力新
1,18,電子零組件,2457,飛宏
1,18,電子零組件,2460,建通
1,18,電子零組件,2462,良得
1,18,電子零組件,2467,志聖
1,18,電子零組件,2472,立隆
1,18,電子零組件,2476,鉅祥
1,18,電子零組件,2478,大毅
1,18,電子零組件,2483,百容
1,18,電子零組件,2484,希華
1,18,電子零組件,2492,華新科
1,18,電子零組件,2493,揚博
1,18,電子零組件,3003,健和興
1,18,電子零組件,3011,今皓
1,18,電子零組件,3015,全漢
1,18,電子零組件,3021,鴻名
1,18,電子零組件,3023,信邦
1,18,電子零組件,3026,禾伸堂
1,18,電子零組件,3032,偉訓
1,18,電子零組件,3037,欣興
1,18,電子零組件,3042,晶技
1,18,電子零組件,3044,健鼎
1,18,電子零組件,3058,立德
1,18,電子零組件,3090,日電貿
1,18,電子零組件,3229,晟鈦
1,18,電子零組件,3296,勝德
1,18,電子零組件,3308,聯德
1,18,電子零組件,3321,同泰
1,18,電子零組件,3338,泰碩
1,18,電子零組件,3376,新日興
1,18,電子零組件,3432,台端
1,18,電子零組件,3501,維熹
1,18,電子零組件,3533,嘉澤
1,18,電子零組件,3550,聯穎
1,18,電子零組件,3593,力銘
1,18,電子零組件,3605,宏致
1,18,電子零組件,3607,谷崧
1,18,電子零組件,3645,達邁
1,18,電子零組件,3653,健策
1,18,電子零組件,3679,新至陞
1,18,電子零組件,4545,銘鈺
1,18,電子零組件,4912,聯德控股-KY
1,18,電子零組件,4915,致伸
1,18,電子零組件,4927,泰鼎-KY
1,18,電子零組件,4943,康控-KY
1,18,電子零組件,4958,臻鼎-KY
1,18,電子零組件,4999,鑫禾
1,18,電子零組件,5469,瀚宇博
1,18,電子零組件,6108,競國
1,18,電子零組件,6115,鎰勝
1,18,電子零組件,6133,金橋
1,18,電子零組件,6141,柏承
1,18,電子零組件,6153,嘉聯益
1,18,電子零組件,6155,鈞寶
1,18,電子零組件,6165,捷泰
1,18,電子零組件,6191,精成科
1,18,電子零組件,6197,佳必琪
1,18,電子零組件,6205,詮欣
1,18,電子零組件,6213,聯茂
1,18,電子零組件,6224,聚鼎
1,18,電子零組件,6251,定穎
1,18,電子零組件,6269,台郡
1,18,電子零組件,6282,康舒
1,18,電子零組件,6412,群電
1,18,電子零組件,6422,君耀-KY
1,18,電子零組件,6449,鈺邦
1,18,電子零組件,8039,台虹
1,18,電子零組件,8046,南電
1,18,電子零組件,8103,瀚荃
1,18,電子零組件,8213,志超
1,18,電子零組件,8249,菱光
1,19,電子通路,2347,聯強
1,19,電子通路,2414,精技
1,19,電子通路,2430,燦坤
1,19,電子通路,2459,敦吉
1,19,電子通路,3010,華立
1,19,電子通路,3028,增你強
1,19,電子通路,3033,威健
1,19,電子通路,3036,文曄
1,19,電子通路,3048,益登
1,19,電子通路,3055,蔚華科
1,19,電子通路,3209,全科
1,19,電子通路,3312,弘憶股
1,19,電子通路,3528,安馳
1,19,電子通路,3702,大聯大
1,19,電子通路,5434,崇越
1,19,電子通路,6145,勁永
1,19,電子通路,6189,豐藝
1,19,電子通路,6281,全國電
1,19,電子通路,8070,長華
1,19,電子通路,8112,至上
1,20,資訊服務,2427,三商電
1,20,資訊服務,2453,凌群
1,20,資訊服務,2468,華經
1,20,資訊服務,2471,資通
1,20,資訊服務,2480,敦陽
1,20,資訊服務,3029,零壹
1,20,資訊服務,3130,一零四
1,20,資訊服務,4994,傳奇
1,20,資訊服務,5203,訊連
1,20,資訊服務,6112,聚碩
1,20,資訊服務,6183,關貿
1,20,資訊服務,6214,精誠
1,21,其它電子,2312,金寶
1,21,其它電子,2317,鴻海
1,21,其它電子,2354,鴻準
1,21,其它電子,2359,所羅門
1,21,其它電子,2360,致茂
1,21,其它電子,2373,震旦行
1,21,其它電子,2390,云辰
1,21,其它電子,2404,漢唐
1,21,其它電子,2423,固緯
1,21,其它電子,2433,互盛電
1,21,其它電子,2461,光群雷
1,21,其它電子,2464,盟立
1,21,其它電子,2474,可成
1,21,其它電子,2477,美隆電
1,21,其它電子,2482,連宇
1,21,其它電子,2488,漢平
1,21,其它電子,2495,普安
1,21,其它電子,2497,怡利電
1,21,其它電子,3018,同開
1,21,其它電子,3030,德律
1,21,其它電子,3043,科風
1,21,其它電子,3305,昇貿
1,21,其它電子,3450,聯鈞
1,21,其它電子,3518,柏騰
1,21,其它電子,3617,碩天
1,21,其它電子,3665,貿聯-KY
1,21,其它電子,5225,東科-KY
1,21,其它電子,6139,亞翔
1,21,其它電子,6192,巨路
1,21,其它電子,6196,帆宣
1,21,其它電子,6201,亞弘電
1,21,其它電子,6215,和椿
1,21,其它電子,6409,旭隼
1,21,其它電子,8021,尖點
1,21,其它電子,8201,無敵
1,22,營建,1436,華友聯
1,22,營建,1438,裕豐
1,22,營建,1442,名軒
1,22,營建,1805,寶徠
1,22,營建,1808,潤隆
1,22,營建,2501,國建
1,22,營建,2504,國產
1,22,營建,2505,國揚
1,22,營建,2506,太設
1,22,營建,2509,全坤建
1,22,營建,2511,太子
1,22,營建,2515,中工
1,22,營建,2516,新建
1,22,營建,2520,冠德
1,22,營建,2524,京城
1,22,營建,2527,宏璟
1,22,營建,2528,皇普
1,22,營建,2530,華建
1,22,營建,2534,宏盛
1,22,營建,2535,達欣工
1,22,營建,2536,宏普
1,22,營建,2537,聯上發
1,22,營建,2538,基泰
1,22,營建,2539,櫻花建
1,22,營建,2540,愛山林
1,22,營建,2542,興富發
1,22,營建,2543,皇昌
1,22,營建,2545,皇翔
1,22,營建,2546,根基
1,22,營建,2547,日勝生
1,22,營建,2548,華固
1,22,營建,2597,潤弘
1,22,營建,2841,台開
1,22,營建,2923,鼎固-KY
1,22,營建,3052,夆典
1,22,營建,3056,總太
1,22,營建,3266,昇陽
1,22,營建,3703,欣陸
1,22,營建,5515,建國
1,22,營建,5519,隆大
1,22,營建,5521,工信
1,22,營建,5522,遠雄
1,22,營建,5525,順天
1,22,營建,5531,鄉林
1,22,營建,5533,皇鼎
1,22,營建,5534,長虹
1,22,營建,6177,達麗
1,22,營建,9906,欣巴巴
1,22,營建,9946,三發地產
1,23,航運,2208,台船
1,23,航運,2603,長榮海
1,23,航運,2605,新興
1,23,航運,2606,裕民
1,23,航運,2607,榮運
1,23,航運,2608,大榮
1,23,航運,2609,陽明
1,23,航運,2610,華航
1,23,航運,2611,志信
1,23,航運,2612,中航
1,23,航運,2613,中櫃
1,23,航運,2615,萬海
1,23,航運,2617,台航
1,23,航運,2618,長榮航
1,23,航運,2633,台灣高鐵
1,23,航運,2634,漢翔
1,23,航運,2636,台驊投控
1,23,航運,2637,慧洋-KY
1,23,航運,2642,宅配通
1,23,航運,5607,遠雄港
1,23,航運,5608,四維航
1,24,觀光,2701,萬企
1,24,觀光,2702,華園
1,24,觀光,2704,國賓
1,24,觀光,2705,六福
1,24,觀光,2706,第一店
1,24,觀光,2707,晶華
1,24,觀光,2712,遠雄來
1,24,觀光,2722,夏都
1,24,觀光,2723,美食-KY
1,24,觀光,2727,王品
1,24,觀光,2731,雄獅
1,24,觀光,2739,寒舍
1,24,觀光,2748,雲品
1,24,觀光,5706,鳳凰
1,24,觀光,8940,新天地
1,24,觀光,9943,好樂迪
1,25,金融,2801,彰銀
1,25,金融,2809,京城銀
1,25,金融,2812,台中銀
1,25,金融,2816,旺旺保
1,25,金融,2820,華票
1,25,金融,2823,中壽
1,25,金融,2832,台產
1,25,金融,2834,臺企銀
1,25,金融,2836,高雄銀
1,25,金融,2838,聯邦銀
1,25,金融,2838A,聯邦銀甲特
1,25,金融,2845,遠東銀
1,25,金融,2849,安泰銀
1,25,金融,2850,新產
1,25,金融,2851,中再保
1,25,金融,2852,第一保
1,25,金融,2855,統一證
1,25,金融,2856,元富證
1,25,金融,2867,三商壽
1,25,金融,2880,華南金
1,25,金融,2881,富邦金
1,25,金融,2881A,富邦特
1,25,金融,2882,國泰金
1,25,金融,2882A,國泰特
1,25,金融,2883,開發金
1,25,金融,2884,玉山金
1,25,金融,2885,元大金
1,25,金融,2886,兆豐金
1,25,金融,2887,台新金
1,25,金融,2887E,台新戊特
1,25,金融,2888,新光金
1,25,金融,2889,國票金
1,25,金融,2890,永豐金
1,25,金融,2891,中信金
1,25,金融,2892,第一金
1,25,金融,2897,王道銀行
1,25,金融,5880,合庫金
1,25,金融,6005,群益證
1,25,金融,6024,群益期
1,26,貿易百貨,1432,大魯閣
1,26,貿易百貨,2601,益航
1,26,貿易百貨,2614,東森
1,26,貿易百貨,2901,欣欣
1,26,貿易百貨,2903,遠百
1,26,貿易百貨,2905,三商
1,26,貿易百貨,2906,高林
1,26,貿易百貨,2908,特力
1,26,貿易百貨,2910,統領
1,26,貿易百貨,2911,麗嬰房
1,26,貿易百貨,2912,統一超
1,26,貿易百貨,2913,農林
1,26,貿易百貨,2915,潤泰全
1,26,貿易百貨,2929,淘帝-KY
1,26,貿易百貨,2936,客思達-KY
1,26,貿易百貨,4807,日成-KY
1,26,貿易百貨,5906,台南-KY
1,26,貿易百貨,5907,大洋-KY
1,26,貿易百貨,8429,金麗-KY
1,26,貿易百貨,8443,阿瘦
1,26,貿易百貨,8454,富邦媒
1,27,油電燃氣,2616,山隆
1,27,油電燃氣,6505,台塑化
1,27,油電燃氣,8926,台汽電
1,27,油電燃氣,9908,大台北
1,27,油電燃氣,9918,欣天然
1,27,油電燃氣,9926,新海
1,27,油電燃氣,9931,欣高
1,27,油電燃氣,9937,全國
1,28,其他,1262,綠悅-KY
1,28,其他,1435,中福
1,28,其他,1516,川飛
1,28,其他,2062,橋椿
1,28,其他,2348,海悅
1,28,其他,2358,廷鑫
1,28,其他,2514,龍邦
1,28,其他,2904,匯僑
1,28,其他,3040,遠見
1,28,其他,4536,拓凱
1,28,其他,5284,jpp-KY
1,28,其他,5871,中租-KY
1,28,其他,6184,大豐電
1,28,其他,6464,台數科
1,28,其他,6504,南六
1,28,其他,8033,雷虎
1,28,其他,8341,日友
1,28,其他,8404,百和興業-KY
1,28,其他,8411,福貞-KY
1,28,其他,8422,可寧衛
1,28,其他,8427,基勝-KY
1,28,其他,8442,威宏-KY
1,28,其他,8463,潤泰材
1,28,其他,8464,億豐
1,28,其他,8466,美吉吉-KY
1,28,其他,8467,波力-KY
1,28,其他,8473,山林水
1,28,其他,8478,東哥遊艇
1,28,其他,8480,泰昇-KY
1,28,其他,8481,政伸
1,28,其他,8488,吉源-KY
1,28,其他,8499,鼎炫-KY
1,28,其他,9802,鈺齊-KY
1,28,其他,9902,台火
1,28,其他,9904,寶成
1,28,其他,9905,大華
1,28,其他,9907,統一實
1,28,其他,9910,豐泰
1,28,其他,9911,櫻花
1,28,其他,9914,美利達
1,28,其他,9917,中保
1,28,其他,9919,康那香
1,28,其他,9921,巨大
1,28,其他,9924,福興
1,28,其他,9925,新保
1,28,其他,9927,泰銘
1,28,其他,9928,中視
1,28,其他,9929,秋雨
1,28,其他,9930,中聯資源
1,28,其他,9933,中鼎
1,28,其他,9934,成霖
1,28,其他,9935,慶豐富
1,28,其他,9938,百和
1,28,其他,9939,宏全
1,28,其他,9940,信義
1,28,其他,9941,裕融
1,28,其他,9942,茂順
1,28,其他,9944,新麗
1,28,其他,9945,潤泰新
1,28,其他,9955,佳龍
